milage,Liters,Consumtime,target
14488,7.153469,1.673904,2
26052,1.441871,0.805124,1
75136,13.147394,0.428964,1
38344,1.669788,0.134296,1
72993,10.14174,1.032955,1
35948,6.830792,1.213192,3
42666,13.726369,0.54388,3
67497,8.631577,0.749278,1
35483,12.273169,1.508053,3
50242,3.723498,0.831917,1
